Название дивана,Цена
Диван Нумо Velvet Pink,41790
Банкетка Вайли Velvet Light,12090
Кресло Кенсол Velvet Ginger,25290
Диван Риен Velvet Stone,60490
Кресло Кото Cozy Beige,36290
Диван Нумо Мини Textile Yellow,27490
Диван угловой Онте Bucle Silver,120990
Кресло Витио Velvet Yellow,24190
Диван угловой Эби-1 Happy Light,80290
Кресло Пайпел-2 Bucle Forest,41790
Диван Види Textile Navy Blue,28590
Кресло Ансил Bucle Milk,34090
Диван угловой Аронт Мини Velvet Olive,64890
Пуф Кропс Bucle Lilac,9890
Диван Маре Мини Velvet Beige,30790
Пуф Кофи Velvet Light,5050
Кресло Тилар Textile Yellow,25290
Диван Лави Velvet Moss,48390
Диван Викс Textile Silver,24190
Кресло Лонди Cozy Ivory,47290
Диван Лилле Velvet Atlantic,54990
Пуф Дзен-1 Velvet Beige,10990
Диван Саннес Velvet Terra,54990
Пуф Лидо Happy Yellow,5490
Диван Роттердам Velvet Silver,28590
Диван Сваут Velvet Beige,71490
Кресло Пайл Textile Grafit,28590
Диван угловой Стаус Velvet Olive,47290
Кресло Кальдера Barhat Mint,38490
Диван Терм Velvet Beige,76990
Кресло-кровать Кейсес Velvet Grey,25290
Кушетка Ринт Bucle Pink,23090
Диван Тайлин Velvet Yellow,43990
Кресло Элвит Cozy Ivory,32990
Диван Слипсон Velvet Silver,65990
Диван угловой Аллаум Linia Mint,58290
Кресло Винси Textile Ginger,21990
Диван Рон Textile Grafit,60490
Модульный диван Этен 1 Vertical Milk,127550
Диван Спейс Soft Navy Blue,71490
Пуф Акера-2 Velvet Yellow,13190
Диван Эби Мини Linia Mint,62690
Диван Льери Barhat Blue,87990
Диван угловой Маркфул Velvet Light,87990
Диван Сваут Velvet Moss,71490
Диван Льери Мини Velvet Light,71490
Диван Эби Velvet Blue,71490
Диван Спейс-2 Velvet Beige,98990
